label,band_pos_mean,band_neg_mean,ratio,estimated_concentration_percent,ratio_in_calibration_range
creme_soda_flat,0.00795919883666797,0.007574814269032085,1.0507450815272599,12.837520146605726,True
sprite_flat,0.008002379508838796,0.0075171142950488795,1.064554720700407,15.9834143575018,True
tonic_flat,0.007970634973031313,0.007541243731080776,1.0569390484199346,14.24853200186385,True
